System, Energy (kJ/mol), Error (kJ/mol)
wt_STV,-1158142.4105251504,20.622410555203313
wt_STV+4BTN,0,0
wt_STV+3BTN,0,0
wt_STV+2BTN,0,0
wt_STV+BTN,0,0
BTN_4,-279718.80772862985,5.584438470620462
BTN_3,0,0
BTN_2,0,0
BTN_1,0,0
Water,0,0
