RESNAME,new AEM entropy
NALA,0
GLU,25.04279668
ALA,0
GLY,0
ILE,2.025457493
THR,0.10732577
GLY,0
THR,0.683074322
TRP,1.469545818
TYR,0.044003037
ASN,0
GLN,17.4113754
LEU,7.437871773
GLY,0
SER,6.487586956
THR,3.327682272
PHE,0.180383145
ILE,10.2700039
VAL,2.224583758
THR,6.033994871
ALA,0
GLY,0
ALA,0
ASP,13.47776081
GLY,0
ALA,0
LEU,8.716493395
THR,8.99877971
GLY,0
THR,7.702088412
TYR,0.875932779
GLU,19.64478365
SER,7.206615926
ALA,0
VAL,8.731990389
GLY,0
ASN,10.38271508
ALA,0
GLU,20.60379205
SER,8.562232994
ARG,14.59761404
TYR,0.036669419
VAL,0.668539027
LEU,4.317498844
THR,6.500664442
GLY,0
ARG,0.184022057
TYR,0.036669419
ASP,3.679418371
SER,4.058964503
ALA,0
PRO,5.87657458
ALA,0
THR,7.47836521
ASP,14.4492282
GLY,0
SER,6.295900875
GLY,0
THR,1.039300775
ALA,0
LEU,4.666258258
GLY,0
TRP,0.029335801
THR,0.029335801
VAL,0.66193244
ALA,0
TRP,0.029335801
LYS,15.01487452
ASN,7.102636096
ASN,12.22907031
TYR,11.87731599
ARG,19.05897646
ASN,7.507789709
ALA,0
HIS,1.070031502
SER,1.379433735
ALA,0
THR,0.029335801
THR,1.314997838
TRP,0.029335801
SER,1.565938121
GLY,0
GLN,10.09654522
TYR,0.029335801
VAL,3.288218285
GLY,0
GLY,0
ALA,0
GLU,23.31009006
ALA,0
ARG,11.46210967
ILE,0.107241797
ASN,8.166386129
THR,3.796469386
GLN,4.076414026
TRP,0.029335801
LEU,2.959274483
LEU,1.571717664
THR,0.044002704
SER,7.708736803
GLY,0
THR,6.697213888
THR,4.169792968
GLU,26.94297677
ALA,0
ASN,5.5090603
ALA,0
TRP,0.029335801
LYS,13.27721361
SER,2.238751995
THR,0.029335801
LEU,2.580992246
VAL,0.029335801
GLY,0
HIS,3.052846902
ASP,6.535497524
THR,5.071770419
PHE,0.036669419
THR,6.057801961
LYS,13.72262812
VAL,5.470004646
LYS,16.829468
PRO,6.168382649
SER,8.703012055
ALA,0
ALA,0
CSER,4.480290627
